{
  "name": "Clowns-AngelBob-Nuclear",
  "version": "1.1.19",
  "factorio_version": "1.1",
  "title": "MadClown01's AngelBob Nuclear",
  "author": "MadClown01,Pezzawinkle",
  "contact": "",
  "homepage": "",
  "description": "Adds a thermonuclear bomb and thorium & plutonium fuel cycles. Gives end-game Bob's enemies something to fear. Adds an optional uranium enrichment chain as a far more intricate replacement to the Koravex Enrichment Process.",
  "dependencies": [
	"(?) bobwarfare >= 0.18.0",
	"(?) bobelectronics >= 0.18.0",
  "(?) bobmodules >= 0.18.0",
  "(?) angelsindustries >= 0.4.14",
  "(?) bobplates >= 0.18.8",
	"angelsrefining >= 0.12.1",
	"Clowns-Nuclear >= 1.3.16",
	"Clowns-Processing >= 1.3.16"
	]
}