{
  "name": "Clowns-Science",
  "version": "1.1.2",
  "factorio_version": "1.1",
  "title": "MadClown01's Science",
  "author": "MadClown01",
  "contact": "",
  "homepage": "",
  "description": "Adds many science options to AngelBob games - research facility, particle accelerator and diverse alternative science pack recipes.",
  "dependencies": [
    "? angelsrefining >= 0.12.1",
    "? angelspetrochem >= 0.9.20",
    "? angelssmelting >= 0.6.17",
    "? bobplates >= 0.18.0",
    "(?) boblogistics >= 0.18.0",
    "(?) bobelectronics >= 0.18.0",
    "? bobtech >= 0.18.0",
    "(?) bobwarfare >= 0.18.0",
    "? Clowns-Processing >= 1.3.16",
    "? omnimatter_science >= 3.18.3",
    "(?) omnimatter >= 3.18.1",
    "(?) angelsindustries"
  ]
}
