{
  "name": "pyfusionenergy",
  "version": "1.6.7",
  "factorio_version": "1.1",
  "title": "Pyanodons Fusion Energy",
  "author": "Pyanodon, Nexela, Kingarthur",
  "contact": "",
  "homepage": "https://forums.factorio.com/viewtopic.php?f=94&t=51490&sid=f5d85f769fccb0ac398bf4036f829064",
  "description": "Adds fusion energy production chain to the game",
  "dependencies": [
    "pycoalprocessing >= 1.0.11",
    "pyfusionenergygraphics >= 1.0.0"
  ],
  "package": {
    "ignore": [],
    "scripts": {}
  }
}
