{
  "name": "angelsrefining",
  "version": "0.12.2",
  "factorio_version": "1.1",
  "title": "Angel's Refining",
  "author": "Arch666Angel",
  "contact": "https://discord.gg/ff5p6KE",
  "homepage": "https://forums.factorio.com/viewforum.php?f=185",
  "description": "Adds ore refining to the game. Compound ores have to be refined before you are able to smelt and cast them into plates. Works best (has more functionality) in conjunction with Angel's industries and/or Bob's mods and supports additional mods like Yuoki Industries.",
  "dependencies": [
    "base >= 1.1.43",
    "? bobplates >= 0.18.8",
    "? bobrevamp >= 0.18.5",
    "(?) bobmodules >= 0.18.0",
    "(?) boblogistics",
    "? rso-mod >= 2.3.3",
    "? Yuoki >= 0.4.0",
    "? UraniumPower >= 0.6.4",
    "? Nucular >= 0.2.0"
  ]
}
