{
  "name": "angelsexploration",
  "version": "0.3.14",
  "factorio_version": "1.1",
  "title": "Angel's Exploration (BETA)",
  "author": "Arch666Angel",
  "contact": "",
  "homepage": "https://forums.factorio.com/viewforum.php?f=185",
  "description": "",
  "dependencies": [
    "angelsrefining >= 0.12.1",
    "angelspetrochem >= 0.9.21",
    "angelssmelting >= 0.6.18",
    "angelsbioprocessing >= 0.7.21",
    "angelsindustries >= 0.4.15",
    "? bobenemies >= 0.18.5",
    "? bobwarfare >= 0.18.6"
  ]
}
