{
  "name": "pyhightech",
  "version": "1.7.6",
  "factorio_version": "1.1",
  "title": "Pyanodons HighTech",
  "author": "Pyanodon, Nexela, Kingarthur",
  "contact": "",
  "homepage": "https://forums.factorio.com/viewtopic.php?f=94&t=51490&sid=f5d85f769fccb0ac398bf4036f829064",
  "description": "Improves and raise difficult of electronics in the game",
  "dependencies": [
    "stdlib >= 1.4.1",
    "pycoalprocessing >= 1.0.16",
    "pyfusionenergy >= 1.1.4",
    "pyhightechgraphics >= 1.0.0"
  ],
  "package": {
    "ignore": [],
    "scripts": {}
  }
}
