{
  "name": "Clowns-Processing",
  "version": "1.3.16",
  "factorio_version": "1.1",
  "title": "MadClown01's Processing",
  "author": "MadClown01,Pezzawinkle",
  "contact": "",
  "homepage": "https://forums.factorio.com/viewtopic.php?f=185&t=57861",
  "description": "Crafting base for other MadClown01 mods. Adds many new production chains including sand sluicing, advanced mercury, fluorine, phosphorus & uranium processing, garden generation, neurotoxin production and catalytic electrolysis / filtering. Requires all Angel's mods.",
  "dependencies": [
    "angelsrefining >= 0.12.1",
    "angelspetrochem >= 0.9.20",
    "angelssmelting >= 0.6.17",
    "? angelsindustries >= 0.4.14",
    "? angelsbioprocessing >= 0.7.20",
    "? bobplates >= 0.18.0",
    "(?) bobwarfare >= 0.18.0",
    "(?) bobequipment >=0.18.0"
  ]
}
