{
  "name": "angelssmelting",
  "version": "0.6.19",
  "factorio_version": "1.1",
  "title": "Angel's Smelting",
  "author": "Arch666Angel",
  "contact": "https://discord.gg/ff5p6KE",
  "homepage": "https://forums.factorio.com/viewforum.php?f=185",
  "description": "Angel's Smelting provides alternative ways to produce plate and increase ore yield at the expense of space and energy.",
  "dependencies": [
    "angelsrefining >= 0.12.1",
    "angelspetrochem >= 0.9.20",
    "? bobplates >= 0.18.8"
  ]
}
