{
	"name": "aai-vehicles-hauler",
	"version": "0.6.1",
	"title": "AAI Vehicles: Hauler",
	"author": "Earendel",
	"dependencies": ["base >= 1.1.0"],
	"description": "A high capacity general-purpose hauling vehicle for moving items around. The Hauler was designed for use with AAI Programmable Vehicles mod and can act autonomously if programmed correctly, for example: collecting resources from Miners and delivering it to depots.",
	"factorio_version": "1.1",
	"homepage": "https://factorio.miraheze.org"
}
