{
  "name": "ERPTbaAB",
  "version": "0.2.2",
  "factorio_version": "0.18",
  "title": "Expanded Rocket Payloads Touched by an AngelBob",
  "author": "SuperSandro2000",
  "dependencies": [
    "base >= 0.18.0",
    "expanded-rocket-payloads >= 0.17.0",
    "bobassembly >= 0.18.0",
    "bobelectronics >= 0.18.0",
    "boblibrary >= 0.18.0",
    "boblogistics >= 0.18.0",
    "bobmining >= 0.18.0",
    "bobpower >= 0.18.0",
    "? angelsbioprocessing >= 0.7.8",
    "? angelspetrochem >= 0.9.8",
    "? angelssmelting >= 0.6.6",
    "? bobinserters >= 0.18.0",
    "? bobmodules >= 0.18.0",
    "? bobrevamp >= 0.18.0",
    "? bobtech >= 0.18.0",
    "? bobvehicleequipment >= 0.18.0",
    "? Clowns-AngelBob-Nuclear >= 1.1.13",
    "? Clowns-Processing >= 1.3.10",
    "? extendedangels >= 0.3.7",
    "? MoreScience >= 0.1.20",
    "? Orbital Ion Cannon >= 1.8.1",
    "? pyhightech >= 1.0.12",
    "? SpaceMod >= 0.5.1",
    "? tater_spacestation >= 0.1.7"    
  ],
  "description": "This mod gives Expanded Rocket Payloads the AngelBob treatment."
}
