{
  "name": "Clowns-Nuclear",
  "version": "1.3.16",
  "factorio_version": "1.1",
  "title": "MadClown01's Vanilla Nuclear",
  "author": "MadClown01,Pezzawinkle",
  "contact": "",
  "homepage": "",
  "description": "Adds plutonium as a source of additional fuel cells, or as additional weaponry material. Adds thermonuclear weaponry. Adds a far more intricate & realistic replacement to the Koravex Enrichment Process.",
  "dependencies": [
	"? Early_Nuclear_Power >= 0.4.0",
  "? angelsrefining >= 0.12.1"
	]
}
