{
  "name": "pycoalprocessing",
  "version": "1.9.3",
  "factorio_version": "1.1",
  "title": "Pyanodons Coal Processing",
  "author": "Pyanodon, Nexela, Kingarthur",
  "contact": "",
  "homepage": "https://mods.factorio.com/mods/pyanodon/pycoalprocessing",
  "description": "Adds coal processing lines to the game.",
  "dependencies": [
    "base >= 0.16.0",
    "stdlib >= 1.4.0",
    "pycoalprocessinggraphics >= 1.0.0",
    "(?) Bio_Industries"
  ],
  "package": {
    "ignore": [],
    "scripts": {}
  }
}
