{
	"name": "aai-programmable-structures",
	"version": "0.7.3",
	"title": "AAI Programmable Structures",
	"author": "Earendel",
	"dependencies": [
		"base >= 1.1.0",
		"aai-signals >= 0.4.2",
		"aai-zones >= 0.4.3"
	],
	"description": "Adds scanning and control structures based on other mods installed. Includes a Tile Scanner that can scan the contents of tiles. Can scan and place Zones with AAI Zones mod. Can scan and control vehicles and their data with AAI Programmable Vehicles mod.",
	"factorio_version": "1.1",
	"homepage": "https://factorio.miraheze.org"
}
