{
	"name": "Natural_Evolution_Buildings2",
	"version": "1.1.0",
	"factorio_version": "1.1",
	"title": "Natural Evolution Buildings2",
	"author": "TheSAguy",
	"contact": "vvwmisc@hotmail.com",
	"homepage": "http://www.factorioforums.com/forum/viewtopic.php?f=91&t=13562&p",
	"description": "Ported to 1.1, but not supported. Will obsolete when developer updates original. Add some very useful buildings to combat the Enemy threat, as changed by N.E. Enemies and Expansion. Part of the N.E. Mods, but can be used as Standalone. Please visit home page for more details.",
	"dependencies": ["base >= 0.18.27", "stdlib >= 1.4.0", "? EvoGUI", "? Unit_Control"]
}