{
  "name": "pyrawores",
  "version": "2.2.7",
  "factorio_version": "1.1",
  "title": "Pyanodons Raw Ores",
  "author": "Pyanodon, Nexela, Kingarthur",
  "contact": "",
  "homepage": "https://forums.factorio.com/viewtopic.php?f=94&t=51490&sid=f5d85f769fccb0ac398bf4036f829064",
  "description": "Add ores, processes and materials. Also make the pySuite independent of bobs mods",
  "dependencies": [
    "stdlib >= 1.4.1",
    "pycoalprocessing >= 1.0.11",
    "pyindustry >= 1.0.12",
    "(?) rso-mod",
    "pyraworesgraphics >= 1.0.0"
  ],
  "package": {
    "ignore": [],
    "scripts": {}
  }
}
